<?xml version="1.0" encoding="utf-8" ?>
<manifest identifier="Course_ID1" version="1.0" 
       xmlns="http://www.imsproject.org/xsd/imscp_rootv1p1p2"
       xmlns:adlcp="http://www.adlnet.org/xsd/adlcp_rootv1p2"
       xmlns:xsi="http://www.w3.org/2001/XMLSchema-instance"
       xsi:schemaLocation="http://www.imsproject.org/xsd/imscp_rootv1p1p2 imscp_rootv1p1p2.xsd
                           http://www.imsglobal.org/xsd/imsmd_rootv1p2p1 imsmd_rootv1p2p1.xsd
                           http://www.adlnet.org/xsd/adlcp_rootv1p2 adlcp_rootv1p2.xsd">
	<metadata>
		<schema>ADL SCORM</schema>
		<schemaversion>1.2</schemaversion>
		<adlcp:location>metadata.xml</adlcp:location> 
	</metadata>
	<organizations default="Course_ID1_ORG">
		<organization identifier="Course_ID1_ORG">
			<title>Captivate E-Learning Course</title>
			<item identifier="SCO_ID1" isvisible="true" identifierref="SCO_ID1_RES">
				<title>Course Object title</title>
			</item>
			<metadata>
				<schema>ADL SCORM</schema>
				<schemaversion>1.2</schemaversion>
				<adlcp:location>metadata.xml</adlcp:location> 
			</metadata>	
		</organization>
	</organizations>
	<resources>
		<resource identifier="SCO_ID1_RES" type="webcontent" href="multiscreen.html" adlcp:scormtype="sco">
			
			<metadata>
				<schema>ADL SCORM</schema>
				<schemaversion>1.2</schemaversion>
				<adlcp:location>metadata.xml</adlcp:location> 
			</metadata>
			
			<file href="DPE SUP-PS6_SC06_Components of worklife balance.swf"/>
		    <file href="DPE SUP-PS6_SC06_Components of worklife balance.htm"/>
			<file href="scormdriver.js"/>
			<file href="browsersniff.js"/>
			
<file href="SCORM_utilities.js"/> 
<file href="Utilities.js"/> 
<file href="standard.js"/> 
<file href="captivate.css"/> 
<file href="ar/383096.mp3"/> 
<file href="ar/Mouse.mp3"/> 
<file href="assets/TOC_icons/collapseIcon.png"/> 
<file href="assets/TOC_icons/expandIcon.png"/> 
<file href="assets/TOC_icons/photo.png"/> 
<file href="assets/css/CPLibraryAll.css"/> 
<file href="assets/css/start/images/animated-overlay.gif"/> 
<file href="assets/css/start/images/ui-bg_flat_55_999999_40x100.png"/> 
<file href="assets/css/start/images/ui-bg_flat_75_aaaaaa_40x100.png"/> 
<file href="assets/css/start/images/ui-bg_glass_45_0078ae_1x400.png"/> 
<file href="assets/css/start/images/ui-bg_glass_55_f8da4e_1x400.png"/> 
<file href="assets/css/start/images/ui-bg_glass_75_79c9ec_1x400.png"/> 
<file href="assets/css/start/images/ui-bg_gloss-wave_45_e14f1c_500x100.png"/> 
<file href="assets/css/start/images/ui-bg_gloss-wave_50_6eac2c_500x100.png"/> 
<file href="assets/css/start/images/ui-bg_gloss-wave_75_2191c0_500x100.png"/> 
<file href="assets/css/start/images/ui-bg_inset-hard_100_fcfdfd_1x100.png"/> 
<file href="assets/css/start/images/ui-icons_0078ae_256x240.png"/> 
<file href="assets/css/start/images/ui-icons_056b93_256x240.png"/> 
<file href="assets/css/start/images/ui-icons_d8e7f3_256x240.png"/> 
<file href="assets/css/start/images/ui-icons_e0fdff_256x240.png"/> 
<file href="assets/css/start/images/ui-icons_f5e175_256x240.png"/> 
<file href="assets/css/start/images/ui-icons_f7a50d_256x240.png"/> 
<file href="assets/css/start/images/ui-icons_fcd113_256x240.png"/> 
<file href="assets/css/start/jquery-ui-1.11.4.custom.css"/> 
<file href="assets/css/start/jquery-ui-1.11.4.custom.min.css"/> 
<file href="assets/htmlimages/Pause.gif"/> 
<file href="assets/htmlimages/Pause2x.gif"/> 
<file href="assets/htmlimages/Play.gif"/> 
<file href="assets/htmlimages/Play2x.gif"/> 
<file href="assets/htmlimages/Play_icon.png"/> 
<file href="assets/htmlimages/arrow_right.gif"/> 
<file href="assets/htmlimages/ccClose.png"/> 
<file href="assets/htmlimages/checkBox_disabled.png"/> 
<file href="assets/htmlimages/checkBox_normal.png"/> 
<file href="assets/htmlimages/checkBox_selected.png"/> 
<file href="assets/htmlimages/checkBox_selectedDisabled.png"/> 
<file href="assets/htmlimages/closeReviewButton.png"/> 
<file href="assets/htmlimages/correct_answer_normal.png"/> 
<file href="assets/htmlimages/correct_answer_small.png"/> 
<file href="assets/htmlimages/correct_question_normal.png"/> 
<file href="assets/htmlimages/correct_question_small.png"/> 
<file href="assets/htmlimages/dd_arrow.png"/> 
<file href="assets/htmlimages/gesturemobileicon.png"/> 
<file href="assets/htmlimages/gesturemobileicon@2x.png"/> 
<file href="assets/htmlimages/gesturemobileimage2.png"/> 
<file href="assets/htmlimages/gesturemobilelandscape.png"/> 
<file href="assets/htmlimages/gesturetabletimage.png"/> 
<file href="assets/htmlimages/hotspot.gif"/> 
<file href="assets/htmlimages/hotspot_correct_answer_normal.png"/> 
<file href="assets/htmlimages/hotspot_incorrect_answer_normal.png"/> 
<file href="assets/htmlimages/img_trans.gif"/> 
<file href="assets/htmlimages/incorrect_answer_normal.png"/> 
<file href="assets/htmlimages/incorrect_answer_small.png"/> 
<file href="assets/htmlimages/incorrect_question_normal.png"/> 
<file href="assets/htmlimages/incorrect_question_small.png"/> 
<file href="assets/htmlimages/loader.gif"/> 
<file href="assets/htmlimages/loader_transparent.gif"/> 
<file href="assets/htmlimages/movieexpire.png"/> 
<file href="assets/htmlimages/partial_correct_question_normal.png"/> 
<file href="assets/htmlimages/partial_correct_question_small.png"/> 
<file href="assets/htmlimages/placeholder.png"/> 
<file href="assets/htmlimages/radioButton_disabled.png"/> 
<file href="assets/htmlimages/radioButton_normal.png"/> 
<file href="assets/htmlimages/radioButton_selected.png"/> 
<file href="assets/htmlimages/radioButton_selectedDisabled.png"/> 
<file href="assets/htmlimages/sequenceReview.png"/> 
<file href="assets/htmlimages/skip_answer_normal.png"/> 
<file href="assets/htmlimages/skip_answer_small.png"/> 
<file href="assets/htmlimages/skip_question_normal.png"/> 
<file href="assets/htmlimages/skip_question_small.png"/> 
<file href="assets/htmlimages/toc.png"/> 
<file href="assets/htmlimages/vidbg.png"/> 
<file href="assets/htmlimages/vidfullscreen.png"/> 
<file href="assets/htmlimages/vidpause.png"/> 
<file href="assets/htmlimages/vidplay.png"/> 
<file href="assets/htmlimages/vidrewind.png"/> 
<file href="assets/htmlimages/vidslider.png"/> 
<file href="assets/htmlimages/vidstop.png"/> 
<file href="assets/htmlimages/vidvolume.png"/> 
<file href="assets/htmlimages/vidvolume2.png"/> 
<file href="assets/htmlimages/vidvolumemute.png"/> 
<file href="assets/js/CPM.js"/> 
<file href="assets/js/CPXHRLoader.js"/> 
<file href="assets/js/OpenAjaxManagedHub-all.js"/> 
<file href="assets/js/jquery-1.11.3.min.js"/> 
<file href="assets/toc/tocIcons/blankBookmark.png"/> 
<file href="assets/toc/tocIcons/clear.png"/> 
<file href="assets/toc/tocIcons/expander.png"/> 
<file href="assets/toc/tocIcons/fullBookmark.png"/> 
<file href="assets/toc/tocIcons/go.png"/> 
<file href="assets/toc/tocIcons/infoClose.png"/> 
<file href="assets/toc/tocIcons/moreinfo.png"/> 
<file href="assets/toc/tocIcons/searchBtnNormal.png"/> 
<file href="assets/toc/tocIcons/searchBtnSelect.png"/> 
<file href="assets/toc/tocIcons/visited.png"/> 
<file href="dr/1790923_1285_721.png"/> 
<file href="dr/1790944.png"/> 
<file href="dr/1790950.png"/> 
<file href="dr/1790956.png"/> 
<file href="dr/1790965_496_421.png"/> 
<file href="dr/1791884_175_143.png"/> 
<file href="dr/1792352_214_175.png"/> 
<file href="dr/1792356_214_175.png"/> 
<file href="dr/1792360_215_175.png"/> 
<file href="dr/1792363_215_175.png"/> 
<file href="dr/1792366_215_175.png"/> 
<file href="dr/1792369_215_175.png"/> 
<file href="dr/93362_98_92.png"/> 
<file href="dr/94064_98_92.png"/> 
<file href="dr/Accommodation_text_414.png"/> 
<file href="dr/Accommodation_text_416.png"/> 
<file href="dr/Accommodation_text_418.png"/> 
<file href="dr/DPE_PS6_Component_text1.png"/> 
<file href="dr/DPE_PS6_Component_text2.png"/> 
<file href="dr/DPE_PS6_Component_text3.png"/> 
<file href="dr/DPE_PS6_component_bt1.png"/> 
<file href="dr/DPE_PS6_component_bt2.png"/> 
<file href="dr/DPE_PS6_component_bt3.png"/> 
<file href="dr/SmartShape_1824.png"/> 
<file href="dr/SmartShape_1827.png"/> 
<file href="dr/SmartShape_1830.png"/> 
<file href="dr/Text_Caption_406.png"/> 
<file href="dr/Text_Caption_407.png"/> 
<file href="dr/Text_Caption_415.png"/> 
<file href="dr/Text_Caption_417.png"/> 
<file href="dr/Text_Caption_419.png"/> 
<file href="dr/Text_Caption_422.png"/> 
<file href="dr/Text_Caption_423.png"/> 
<file href="dr/imgmd.json"/> 
<file href="dr/loading.gif"/> 
<file href="dr/ps4_slide20_close_popup_1825.png"/> 
<file href="dr/ps4_slide20_close_popup_1828.png"/> 
<file href="dr/ps4_slide20_close_popup_1831.png"/> 
<file href="dr/si1789510.png"/> 
<file href="dr/si1789523.png"/> 
<file href="dr/si1789536.png"/> 
<file href="dr/si1789576.png"/> 
<file href="dr/si1789589.png"/> 
<file href="dr/si1789602.png"/> 
<file href="dr/si1789642.png"/> 
<file href="dr/si1789655.png"/> 
<file href="dr/si1789668.png"/> 
<file href="dr/si1790255.png"/> 
<file href="dr/si1790266.png"/> 
<file href="dr/si1790339.png"/> 
<file href="dr/si1790350.png"/> 
<file href="dr/si1790423.png"/> 
<file href="dr/si1790434.png"/> 
<file href="dr/slide7_oops_exit_button_1841.png"/> 
<file href="goodbye.html"/> 
<file href="index_scorm.html"/> 
<file href="project.txt"/> 
<file href="wr/w_1789367/Widget_1789367.htm"/> 
<file href="wr/w_1789367/js/volumeControl_use.js"/> 
<file href="wr/w_1789367/libs/easeljs-0.7.1.min.js"/> 
<file href="wr/w_1789367/libs/movieclip-0.7.1.min.js"/> 
<file href="wr/w_1789367/libs/tweenjs-0.5.1.min.js"/> 
<file href="wr/w_1789367/libs/volumeControl.js"/> 
<file href="wr/w_1790546/Widget_1790546.htm"/> 
<file href="wr/w_1790546/js/volumeControl_use.js"/> 
<file href="wr/w_1790546/libs/easeljs-0.7.1.min.js"/> 
<file href="wr/w_1790546/libs/movieclip-0.7.1.min.js"/> 
<file href="wr/w_1790546/libs/tweenjs-0.5.1.min.js"/> 
<file href="wr/w_1790546/libs/volumeControl.js"/> 
<file href="multiscreen.html"/>
		</resource>
	</resources>
</manifest>
